method,b,omega
leastsq,0.19018375414638883,1.760582380979614
least_squares,0.19018335329949446,1.7605823937245157
nelder,0.19014822991860136,1.7605822418015764
bfgs,0.19018300347219436,1.7605818424380992
differential_evolution,0.1899321342731783,1.760484870612713
basinhopping,0.19018313393572822,1.760581781521252
