method,b,omega
leastsq,0.20603594815827964,1.7682424847800253
least_squares,0.20602374669391998,1.7682350397775508
nelder,0.20599103589378887,1.7682752074943746
bfgs,0.145288731806488,1.5308269916824297
differential_evolution,0.20601884805515613,1.7682345026615565
basinhopping,0.20602399714928776,1.7682409030868473
