method,b,omega
leastsq,0.18930568765241268,1.7576467460373464
least_squares,0.18930530520452452,1.7576470843931387
nelder,0.18931365285063895,1.7576875256066338
bfgs,0.04453436143078471,0.0001018669634222924
differential_evolution,0.18929058199572107,1.7577263626658992
basinhopping,0.1893051217605285,1.757646933662878
