method,b,omega
leastsq,0.18948675570823775,1.757195637884631
least_squares,0.1894863216891615,1.7571958068727438
nelder,0.18949355044058813,1.7572172137905273
bfgs,0.1423245134731832,1.5106936983724772
differential_evolution,0.1895235761216038,1.7572718201761484
basinhopping,0.18948635599507296,1.757195770157839
