method,b,omega
leastsq,0.18906750582699972,1.7574529443262301
least_squares,0.18906714207992276,1.7574532219194763
nelder,0.18905316004329764,1.757451481004602
bfgs,0.1890669900112496,1.7574531240257076
differential_evolution,0.18910501059762108,1.7574632342889758
basinhopping,0.18906711430686618,1.7574530751423785
