method,b,omega
leastsq,0.1909608543570887,1.757530599249284
least_squares,0.19096075554236686,1.757531067323559
nelder,0.19098882166202868,1.757494419244788
bfgs,0.12928256953390033,1.5213872259906913
differential_evolution,0.19091857865684542,1.7575704124467229
basinhopping,0.19096064732528534,1.757530975172195
