method,b,omega
leastsq,0.1891745909271561,1.7571193759883628
least_squares,0.1891742319193153,1.75711964612215
nelder,0.1892099731949054,1.7570817482589303
bfgs,4.613091593542759,2.6795284135064854
differential_evolution,0.1891461139830114,1.7570701123870829
basinhopping,0.1891741821954676,1.7571197174783708
